{"cameraMode":{"drawMode":0,"name":"Shaded","section":"Shading Mode"},"sceneLighting":false,"audioPlay":false,"sceneViewState":{"m_AlwaysRefresh":false,"showFog":true,"showSkybox":true,"showFlares":true,"showImageEffects":true,"showParticleSystems":true,"showVisualEffectGraphs":true,"m_FxEnabled":true},"in2DMode":false,"pivot":{"x":-0.2983732223510742,"y":0.7197060585021973,"z":-0.2550978660583496},"rotation":{"x":0.0022962666116654875,"y":0.9946683645248413,"z":-0.022691898047924043,"w":0.10060374438762665},"size":0.9890013337135315,"orthographic":true}