{"cameraMode":{"drawMode":0,"name":"Shaded","section":"Shading Mode"},"sceneLighting":true,"audioPlay":false,"sceneViewState":{"m_AlwaysRefresh":false,"showFog":true,"showSkybox":true,"showFlares":true,"showImageEffects":true,"showParticleSystems":true,"showVisualEffectGraphs":true,"m_FxEnabled":true},"in2DMode":false,"pivot":{"x":-0.25577807426452639,"y":0.6370798349380493,"z":0.1787177324295044},"rotation":{"x":-0.033253733068704608,"y":0.8016220927238464,"z":-0.044784631580114368,"w":-0.5952232480049133},"size":0.657961905002594,"orthographic":true}